{"cameraMode":{"drawMode":0,"name":"Shaded","section":"Shading Mode"},"sceneLighting":true,"audioPlay":false,"sceneViewState":{"m_AlwaysRefresh":false,"showFog":true,"showSkybox":true,"showFlares":true,"showImageEffects":true,"showParticleSystems":true,"showVisualEffectGraphs":true,"m_FxEnabled":true},"in2DMode":false,"pivot":{"x":3.742284059524536,"y":0.7608181834220886,"z":-13.152480125427246},"rotation":{"x":-0.002540095243602991,"y":-0.9803831577301025,"z":0.012645439244806767,"w":-0.1967131346464157},"size":3.8348026275634767,"orthographic":false}